{"r_opt":[0.0,9.084523188044195e-13,2.7248097206842056e-12,9.984774087573418e-12,3.8978848442330255e-11,2.552964733057214e-10,9.708457199376593e-10,3.789138151850917e-9,2.3920709289042376e-8,8.670292897032789e-8,3.101286976978793e-7,1.6318593267420693e-6,5.5613169732966115e-6,1.1685965593758963e-5,2.093984232124334e-5,3.481101165368711e-5,5.555959669833316e-5,8.657709828181238e-5,0.00013293593861010854,0.0002022141745662489,0.0003057258824058188,0.00046035118009217843,0.0006912498542212526,0.0010358684877510838,0.0015498212451217168,0.0023154404478111425,0.003454034199845307,0.005143079735518944,0.007639531611127923,0.0113097254888151,0.016664275940683124,0.024391864803918962,0.03537811969291057,0.04749811361422878,0.05961810753623202,0.0717381014530598,0.0838580953695326,0.09597808928563172,0.10809808320133685,0.12021807711662605,0.13233807103147543,0.14445806494585903,0.1565780588597484,0.16869805277311245,0.180818046685917,0.1929380405981244,0.20505803450969304,0.21717802842057676,0.2292980223307242,0.24141801624007786,0.25353801014857325,0.2656580040561376,0.2777779979626884,0.2898979918681316,0.3020179857723592,0.31413797967524665,0.32625797357664893,0.3383779674763961,0.35049796137428696,0.36261795527008095,0.3747379491634874,0.3868579430541502,0.3989779369416267,0.4110979308253571,0.4232179247046192,0.4353379185784585,0.44745791244557687,0.4595779063041445,0.47169790015760465,0.48381789398830705,0.495875062530417,0.5078232183583964,0.5198330086175686,0.5319232042927814,0.5440445006465608,0.5561186878232841,0.5680578806708805,0.5797746011845755,0.5911874272827896,0.6022242743845718,0.6128242378639028,0.6229384462722909,0.6325301812017377,0.6415744431605668,0.6500571108557319,0.6579738230398263,0.6653286958499296,0.6721329709937606,0.6784036713122156,0.6841623213679037,0.6894337730561645,0.6942451607579169,0.6986249977749882,0.7026024158487173,0.706206542318867,0.7094660046120378,0.7124085488500148,0.7150607580131597,0.7174478548824296,0.7195935755675412,0.7215201005218705,0.723248031323276,0.7247964029979564,0.7261827231645992,0.727423030701115,0.7285319679396607,0.7295228615536519,0.7304078083054498,0.7311977626784841,0.7319026241326546,0.7325313223104217],"i_opt":[0.0,2.998192471301714e-7,5.994578884091703e-7,1.1980139219289129e-6,2.392250359303369e-6,5.949329616704928e-6,1.1807743343761352e-5,2.3253237887073076e-5,5.536735736301282e-5,0.00010360102257637874,0.00018434469366959688,0.00036351227421457376,0.0006484253542169212,0.0010106680891852067,0.0015270423642713494,0.0022889718370369258,0.0034238589182584243,0.005118399601234195,0.007649973651534021,0.011432052137976954,0.017081139907519784,0.02551572569081843,0.03810209144044127,0.05686776130855301,0.08481068603475793,0.12633980242399764,0.18788675776141325,0.27872038542469274,0.41195575505098664,0.6056425540737914,0.8835891834765713,1.2751796804019537,1.812913348018417,1.9999989969171965,1.9999989970302385,1.999998996176201,1.9999989961176257,1.9999989960559568,1.999998995990946,1.9999989959223106,1.9999989958497357,1.999998995772869,1.9999989956913151,1.9999989956046276,1.9999989955123012,1.9999989954137627,1.999998995308357,1.999998995195335,1.9999989950738324,1.999998994942849,1.9999989948012207,1.9999989946475838,1.9999989944803307,1.9999989942975538,1.9999989940969674,1.9999989938758165,1.999998993630743,1.999998993357616,1.999998993051291,1.9999989927052837,1.9999989923112977,1.9999989918585495,1.9999989913327556,1.9999989907145892,1.9999989899772381,1.9999989890823886,1.9999989879733289,1.9999989865623224,1.999998985719491,1.9999989819640955,1.9896317726254102,1.9716428759041769,1.9818135741208345,1.9950817945895771,2.000213919765587,1.9924401281721473,1.9701638362370169,1.9334522299826846,1.8833046366689952,1.8212618979838648,1.7491688909787164,1.669011288512881,1.582794542812993,1.4924524684536544,1.3997801477170124,1.3063881491905012,1.213675381205152,1.122817680500168,1.0347690294480125,0.9502722864171945,0.86987651621465,0.7939583666258031,0.7227453823550039,0.6563396161269138,0.5947403416088631,0.5378650648796772,0.4855683561018194,0.43765827774666827,0.3939103744669745,0.35407932097552125,0.31790840830517175,0.2851370959414907,0.25550687700997876,0.228765704066456,0.20467121064618993,0.1829929436543837,0.1635137976883236,0.14603081712836605,0.13035550710138585,0.11631377131525641,0.10374557388895668],"s_opt":[0.99999,0.9999899999978203,0.9999899999934624,0.9999899999760434,0.9999899999064775,0.9999899993874632,0.9999899976706347,0.9999899909086609,0.9999899426066644,0.9999897919723151,0.9999892559037018,0.9999860846667242,0.9999766567820736,0.9999619622268975,0.9999397603682388,0.9999064818298758,0.9998567060543577,0.9997823007250172,0.9996711066901558,0.9995049669360198,0.9992567917426274,0.9988862063038008,0.9983331253453323,0.9975083283454785,0.9962797685534763,0.9944529775836459,0.9917436593801934,0.9877407467230568,0.9818595682185757,0.973288745857255,0.9609431376480582,0.9434505153379121,0.9192200942183115,0.9091838123994226,0.9001819126215762,0.8880619187380325,0.8759419248094794,0.8638219308946714,0.8517019369803287,0.8395819430664795,0.8274619491531545,0.8153419552403874,0.8032219613282154,0.7911019674166794,0.7789819735058245,0.7668619795957013,0.7547419856863657,0.7426219917778808,0.7305019978703169,0.718382003963754,0.7062620100582827,0.6941420161540066,0.6820220222510446,0.6699020283495339,0.6577820344496349,0.6456620405515353,0.6335420466554577,0.621422052761668,0.6093020588704876,0.5971820649823096,0.585062071097622,0.5729420772170388,0.5608220833413482,0.5487020894715824,0.5365820956091275,0.5244621017558997,0.5123421079146436,0.5002221140894696,0.4881021202434808,0.4759821265368046,0.4643061256621237,0.45284657478128365,0.44016302690565834,0.4277545146281557,0.4156656641465507,0.40396282879367973,0.3927130977530078,0.38197486909701145,0.37179394274205846,0.3622024071107047,0.35321901754417745,0.3448503868696975,0.33709259424938603,0.3299329634628371,0.32335184685410023,0.31732430847021986,0.31182164178760274,0.3068126886399358,0.3022649487134154,0.29814548472562435,0.2944216384712968,0.29106157856605197,0.28803470311085627,0.28531192063759997,0.28286583139009575,0.28067082886270045,0.2787031390053029,0.27694081191005154,0.27536367831211256,0.2739532809723751,0.2726927890157014,0.2715669015876948,0.2705617457563349,0.2696647723993905,0.2688646528552343,0.2681511783427497,0.2675151635455805,0.26694835527960276,0.2664433467958943,0.2659934979936776,0.2655928616115153],"ts":[0.0,0.001,0.002,0.004,0.008,0.02,0.04,0.08,0.2,0.4,0.8,2.0,4.0,6.0,8.0,10.0,12.0,14.0,16.0,18.0,20.0,22.0,24.0,26.0,28.0,30.0,32.0,34.0,36.0,38.0,40.0,42.0,44.0,46.0,48.0,50.0,52.0,54.0,56.0,58.0,60.0,62.0,64.0,66.0,68.0,70.0,72.0,74.0,76.0,78.0,80.0,82.0,84.0,86.0,88.0,90.0,92.0,94.0,96.0,98.0,100.0,102.0,104.0,106.0,108.0,110.0,112.0,114.0,116.0,118.0,120.0,122.0,124.0,126.0,128.0,130.0,132.0,134.0,136.0,138.0,140.0,142.0,144.0,146.0,148.0,150.0,152.0,154.0,156.0,158.0,160.0,162.0,164.0,166.0,168.0,170.0,172.0,174.0,176.0,178.0,180.0,182.0,184.0,186.0,188.0,190.0,192.0,194.0,196.0,198.0,200.0],