{"u_opt":[5.001654272871458e-6,2.49588809574767e-6,1.660588757986295e-6,8.252848591019621e-7,3.032284025160683e-7,1.4660108294393353e-7,7.351331434667659e-8,2.1314518365928002e-8,5.6454558259128356e-9,-1.6612680274350996e-9,-6.874522195205678e-9,-8.443290891988016e-9,-8.761347145204791e-9,-8.761747635848193e-9,-8.761597641890357e-9,-8.761177779304964e-9,-8.760498716415006e-9,-8.75946909007497e-9,-8.757923559091e-9,-8.755605809328634e-9,-8.752126574182883e-9,-8.746893946843876e-9,-8.73900140841926e-9,-8.7270444329898e-9,-8.70880883994683e-9,-8.680713181505694e-9,-8.636740112275489e-9,-8.566195394117889e-9,-8.448414846318507e-9,-8.238047228130862e-9,-7.81287433569295e-9,-6.6906290968215695e-9,1.0271885706970693e-9,0.6203964368412797,0.6561189211045486,0.5306843824716467,0.5241906754807987,0.5175147485276709,0.5106488196440286,0.5035846608858254,0.49631356170996593,0.48882629364660346,0.48111307122353936,0.47316350929869216,0.46496657640944494,0.456510543698195,0.44778292891684107,0.4387704349479967,0.4294588822061145,0.41983313419573876,0.40987701540489,0.3995732205967549,0.3889032144296764,0.37784712018057154,0.36638359616634175,0.35448969824680465,0.342140726545261,0.329310054232015,0.31596893587327474,0.3020862924423571,0.2876284696090156,0.27255896535002494,0.25683812224008107,0.24042277896206854,0.22326587458909108,0.20531599799898875,0.18651687333702113,0.16680677068332905,0.14611782620953154,0.12437527974147533,0.130962049207548,0.11744021425660507,2.8295193231084248e-8,-1.5917258403483133e-9,-6.988861813747643e-9,-8.74704820985325e-9,-8.747048222313476e-9,-8.7470482223463e-9,-8.7470482217228e-9,-8.747048221122247e-9,-8.74704822060388e-9,-8.74704822016143e-9,-8.747048219783774e-9,-8.747048219462269e-9,-8.747048219190659e-9,-8.747048218964184e-9,-8.747048218778902e-9,-8.747048218631273e-9,-8.747048218517948e-9,-8.74704821843568e-9,-8.747048218381298e-9,-8.747048218351732e-9,-8.747048218344048e-9,-8.747048218355466e-9,-8.747048218383407e-9,-8.7470482184255e-9,-8.747048218479598e-9,-8.747048218543779e-9,-8.747048218616343e-9,-8.747048218695798e-9,-8.747048218780852e-9,-8.747048218870388e-9,-8.747048218963456e-9,-8.74704821905925e-9,-8.747048219157094e-9,-8.747048219256422e-9,-8.747048219356772e-9,-8.747048219457766e-9,-8.74704821955911e-9,-8.747048219660589e-9,-7.494096438703498e-9],"i_opt":[0.0,2.998192471301716e-7,5.99457888409171e-7,1.1980139219289141e-6,2.3922503593033724e-6,5.949329616704937e-6,1.1807743343761374e-5,2.325323788707312e-5,5.5367357363012934e-5,0.00010360102257637893,0.0001843446936695972,0.00036351227421457333,0.000648425354216913,0.00101066808918518,0.001527042364271286,0.0022889718370367935,0.00342385891825817,0.0051183996012337295,0.007649973651533193,0.011432052137975518,0.017081139907517334,0.025515725690814298,0.038102091440434395,0.056867761308541695,0.0848106860347394,0.12633980242396753,0.18788675776136476,0.2787203854246151,0.4119557550508631,0.6056425540735964,0.8835891834762646,1.275179680401466,1.8129133480174884,2.0000009960277247,2.000000996136192,2.000000995311962,2.0000009952549993,2.0000009951949855,2.0000009951316686,2.000000995064768,2.0000009949939703,2.000000994918925,2.000000994839238,2.0000009947544646,2.000000994664102,2.0000009945675785,2.0000009944642407,2.000000994353342,2.00000099423402,2.0000009941052768,2.000000993965951,2.0000009938146817,2.0000009936498633,2.0000009934695906,2.0000009932715823,2.0000009930530855,2.0000009928107456,2.0000009925404347,2.0000009922370126,2.0000009918939967,2.000000991503096,2.000000991053529,2.0000009905310154,2.0000009899162308,2.000000989182364,2.000000988291102,2.00000098718572,2.000000985778516,2.0000009849479703,2.000000981188961,1.989552970537866,1.9714754260015122,1.9816095317330238,1.9948666170236766,2.0000009993179075,1.9922371533347016,1.9699755639994088,1.9332816944939861,1.8831536902302444,1.8211314786368487,1.7490591867030787,1.6689218674993103,1.5827244745488098,1.4924004411592,1.3997445802784838,1.306367293767085,1.213667413089818,1.1228207730846755,1.0347814135485096,0.9502922944187314,0.8699026123657493,0.7939891653469233,0.7227796566631791,0.6563762982913753,0.594778518009819,0.5379039668071605,0.48560734795325977,0.43769684379665713,0.3939481051142929,0.35411589913462327,0.31794359640816827,0.2851707238532816,0.25553883103127345,0.22879591710292246,0.2046996535520209,0.18301961771024494,0.1635387281423455,0.14605404771052738,0.1303770954129133,0.11633378499276666,0.10376408744581919],"s_opt":[0.99999,0.9999899999978203,0.9999899999934624,0.9999899999760434,0.9999899999064775,0.9999899993874632,0.9999899976706347,0.9999899909086609,0.9999899426066644,0.9999897919723151,0.9999892559037018,0.9999860846667242,0.9999766567820736,0.9999619622268975,0.9999397603682388,0.9999064818298758,0.9998567060543577,0.9997823007250172,0.9996711066901558,0.9995049669360198,0.9992567917426275,0.998886206303801,0.9983331253453325,0.997508328345479,0.9962797685534771,0.9944529775836471,0.9917436593801955,0.9877407467230601,0.981859568218581,0.9732887458572632,0.9609431376480713,0.9434505153379329,0.9192200942183512,0.9091837267841805,0.9001818482104444,0.888061842210966,0.8759418361680779,0.8638218301384534,0.8517018241092832,0.8395818180805951,0.8274618120524196,0.8153418060247901,0.8032217999977435,0.7911017939713201,0.778981787945565,0.7668617819205283,0.7547417758962657,0.7426217698728396,0.7305017638503202,0.718381757828787,0.7062617518083301,0.6941417457890527,0.6820217397710732,0.6699017337545285,0.6577817277395783,0.6456617217264099,0.6335417157152452,0.6214217097063496,0.6093017037000439,0.5971816976967208,0.5850616916968672,0.5729416857010969,0.5608216797101973,0.5487016737252,0.5365816677474902,0.5244616617789838,0.5123416558224252,0.5002216498819225,0.4881016439202208,0.4759816380985795,0.4643090855594085,0.4528524620211077,0.44017001856247107,0.4277626097896465,0.4156747810329396,0.4039728476592844,0.39272388274295544,0.3819862804542164,0.37180584422309426,0.3622146707044098,0.35323152643986416,0.34486303715998073,0.3371052956716322,0.32994563940999044,0.32336443384872365,0.31733675526788563,0.31183390824893886,0.3068247444836137,0.3022767722363704,0.2981570615532616,0.29443296038031014,0.2910726424061503,0.2880455098390633,0.2853224744694918,0.2828761390658408,0.28068089902151455,0.2787129816594019,0.27695043800792024,0.27537309938053917,0.2739625088269298,0.2727018355299445,0.2715757785122207,0.27057046457967887,0.26967334424376743,0.2688730884009911,0.26815948777626797,0.2675233565261422,0.26695644092142795,0.266451333662171,0.2660013940999353,0.265600674436154],"ts":[0.0,0.001,0.002,0.004,0.008,0.02,0.04,0.08,0.2,0.4,0.8,2.0,4.0,6.0,8.0,10.0,12.0,14.0,16.0,18.0,20.0,22.0,24.0,26.0,28.0,30.0,32.0,34.0,36.0,38.0,40.0,42.0,44.0,46.0,48.0,50.0,52.0,54.0,56.0,58.0,60.0,62.0,64.0,66.0,68.0,70.0,72.0,74.0,76.0,78.0,80.0,82.0,84.0,86.0,88.0,90.0,92.0,94.0,96.0,98.0,100.0,102.0,104.0,106.0,108.0,110.0,112.0,114.0,116.0,118.0,120.0,122.0,124.0,126.0,128.0,130.0,132.0,134.0,136.0,138.0,140.0,142.0,144.0,146.0,148.0,150.0,152.0,154.0,156.0,158.0,160.0,162.0,164.0,166.0,168.0,170.0,172.0,174.0,176.0,178.0,180.0,182.0,184.0,186.0,188.0,190.0,192.0,194.0,196.0,198.0,200.0],"α_min":1.0,